fluid,diameter_mm,flow_L_s,velocity_m_s,reynolds,regime,friction_factor,dp_major_kPa,dp_minor_kPa,dp_elev_kPa,dp_total_kPa,head_m,pump_power_kW
Water (20 C),50,2,1.0186,50749.3706,turbulent,0.0237,122.6928,2.3302,97.9238,222.9469,22.7674,0.5945
Water (20 C),50,5,2.5465,126873.4264,turbulent,0.0214,691.0429,14.564,97.9238,803.5308,82.0567,5.3569
Water (20 C),50,10,5.093,253746.8528,turbulent,0.0203,2634.4239,58.2562,97.9238,2790.604,284.977,37.2081
Water (20 C),50,15,7.6394,380620.2792,turbulent,0.02,5818.33,131.0764,97.9238,6047.3303,617.5545,120.9466
Water (20 C),50,20,10.1859,507493.7055,turbulent,0.0198,10241.7448,233.0248,97.9238,10572.6934,1079.6855,281.9385
Water (20 C),75,2,0.4527,33832.9137,turbulent,0.0245,16.6874,0.4603,97.9238,115.0715,11.7511,0.3069
Water (20 C),75,5,1.1318,84582.2843,turbulent,0.0212,90.2298,2.8768,97.9238,191.0304,19.5081,1.2735
Water (20 C),75,10,2.2635,169164.5685,turbulent,0.0196,334.1047,11.5074,97.9238,443.5359,45.294,5.9138
Water (20 C),75,15,3.3953,253746.8528,turbulent,0.019,727.4304,25.8916,97.9238,851.2458,86.9294,17.0249
Water (20 C),75,20,4.5271,338329.137,turbulent,0.0186,1269.551,46.0296,97.9238,1413.5044,144.3473,37.6934
Water (20 C),100,2,0.2546,25374.6853,turbulent,0.0255,4.1288,0.1456,97.9238,102.1983,10.4365,0.2725
Water (20 C),100,5,0.6366,63436.7132,turbulent,0.0215,21.7762,0.9103,97.9238,120.6103,12.3167,0.8041
Water (20 C),100,10,1.2732,126873.4264,turbulent,0.0195,78.9306,3.641,97.9238,180.4955,18.4322,2.4066
Water (20 C),100,15,1.9099,190310.1396,turbulent,0.0187,169.772,8.1923,97.9238,275.8881,28.1737,5.5178
Water (20 C),100,20,2.5465,253746.8528,turbulent,0.0182,293.9333,14.564,97.9238,406.4211,41.5038,10.8379
Water (20 C),150,2,0.1132,16916.4569,turbulent,0.0276,0.5876,0.0288,97.9238,98.5402,10.0629,0.2628
Water (20 C),150,5,0.2829,42291.1421,turbulent,0.0226,3.0157,0.1798,97.9238,101.1193,10.3263,0.6741
Water (20 C),150,10,0.5659,84582.2843,turbulent,0.02,10.6511,0.7192,97.9238,109.2942,11.1611,1.4573
Water (20 C),150,15,0.8488,126873.4264,turbulent,0.0188,22.5298,1.6182,97.9238,122.0718,12.466,2.4414
Water (20 C),150,20,1.1318,169164.5685,turbulent,0.0181,38.5388,2.8768,97.9238,139.3395,14.2294,3.7157
Light crude oil,50,2,1.0186,8658.0289,turbulent,0.0334,147.1087,1.9843,83.385,232.478,27.8801,0.6199
Light crude oil,50,5,2.5465,21645.0723,turbulent,0.0273,753.0919,12.4017,83.385,848.8787,101.8023,5.6592
Light crude oil,50,10,5.093,43290.1445,turbulent,0.0243,2673.3916,49.6069,83.385,2806.3834,336.5573,37.4184
Light crude oil,50,15,7.6394,64935.2168,turbulent,0.0229,5686.1453,111.6154,83.385,5881.1457,705.3002,117.6229
Light crude oil,50,20,10.1859,86580.289,turbulent,0.0222,9772.9419,198.4274,83.385,10054.7543,1205.8229,268.1268
Light crude oil,75,2,0.4527,5772.0193,turbulent,0.0366,21.2538,0.392,83.385,105.0307,12.5959,0.2801
Light crude oil,75,5,1.1318,14430.0482,turbulent,0.0292,105.8411,2.4497,83.385,191.6758,22.9868,1.2778
Light crude oil,75,10,2.2635,28860.0963,turbulent,0.0252,366.031,9.7989,83.385,459.2148,55.0716,6.1229
Light crude oil,75,15,3.3953,43290.1445,turbulent,0.0234,765.1505,22.0475,83.385,870.583,104.4052,17.4117
Light crude oil,75,20,4.5271,57720.1927,turbulent,0.0224,1298.2625,39.1955,83.385,1420.8431,170.3955,37.8891
Light crude oil,100,2,0.2546,4329.0145,turbulent,0.0395,5.4374,0.124,83.385,88.9464,10.667,0.2372
Light crude oil,100,5,0.6366,10822.5361,turbulent,0.031,26.6623,0.7751,83.385,110.8224,13.2905,0.7388
Light crude oil,100,10,1.2732,21645.0723,turbulent,0.0264,90.9005,3.1004,83.385,177.3859,21.2731,2.3651
Light crude oil,100,15,1.9099,32467.6084,turbulent,0.0243,188.1578,6.976,83.385,278.5188,33.4015,5.5704
Light crude oil,100,20,2.5465,43290.1445,turbulent,0.023,316.8065,12.4017,83.385,412.5932,49.4805,11.0025
Light crude oil,150,2,0.1132,2886.0096,transitional,0.0443,0.804,0.0245,83.385,84.2135,10.0994,0.2246
Light crude oil,150,5,0.2829,7215.0241,turbulent,0.0341,3.8699,0.1531,83.385,87.408,10.4825,0.5827
Light crude oil,150,10,0.5659,14430.0482,turbulent,0.0286,12.9879,0.6124,83.385,96.9853,11.631,1.2931
Light crude oil,150,15,0.8488,21645.0723,turbulent,0.0261,26.601,1.378,83.385,111.3639,13.3554,2.2273
Light crude oil,150,20,1.1318,28860.0963,turbulent,0.0245,44.4164,2.4497,83.385,130.2511,15.6205,3.4734
